order_id,supplier_id,product_id,quantity,price_per_unit,order_date,delivery_date,status
1fc07023-4823-423e-9e34-c90b42496815,8241,157,6610,9229.34,2024-10-12 21:40:41,2024-05-28,Sample status 1101
c2038e52-8d6f-4e17-960b-11f9eca9cda8,3962,2338,9282,6722.65,2024-05-12 21:40:41,2023-11-16,Sample status 1
10e37ea6-5095-4051-8317-bee98ad23509,5595,1533,593,8321.3,2024-06-20 21:40:41,2023-12-12,Sample status 2
f93258ca-7bf7-418f-a8bb-73e2e137eb20,6628,1062,3692,6125.06,2024-01-06 21:40:41,2024-07-09,Sample status 3
2bba9c16-f0c7-4e9d-952e-e320647ec44d,1519,5630,2385,3435.51,2024-09-26 21:40:41,2024-03-15,Sample status 4
d71435c4-8a03-49ec-b318-0cc710400d05,2374,4105,9228,2689.95,2024-07-17 21:40:41,2024-04-03,Sample status 5
e316f3fe-a91d-41b0-bd8b-947eede4408e,7905,3076,1941,8043.83,2024-11-02 21:40:41,2024-04-29,Sample status 6
9e2259fc-3686-4ff2-9d5d-1644ceaa69f7,895,7813,2346,4516.64,2023-11-14 21:40:41,2024-06-28,Sample status 7
57818897-a530-4e26-81f9-f9066c1d5a4f,2612,3418,9165,7156.17,2024-09-02 21:40:41,2024-10-28,Sample status 8
ad0c3e45-2456-41d0-be2a-ebda544cd570,4878,2760,442,3739.63,2024-02-26 21:40:41,2023-11-14,Sample status 9
dc652511-3fd4-46b3-b592-14a528224cac,2363,7272,6151,7383.47,2023-12-02 21:40:41,2024-03-14,Sample status 10
1424388d-5144-4680-9033-04c85abc60ae,8772,3192,6144,2547.81,2024-08-05 21:40:41,2024-07-04,Sample status 11
86eb4d3d-9e84-4fee-a3ac-a9a1c3f9722e,7520,9615,3420,812.21,2024-06-29 21:40:41,2024-04-27,Sample status 12
06993f30-a8aa-42e8-8e7e-0b067f457c99,3847,3022,4280,3190.81,2024-08-13 21:40:41,2024-06-25,Sample status 13
4301a7c0-0593-4b6a-a011-4c6b52536206,4137,2307,8116,5764.46,2023-12-03 21:40:41,2024-09-11,Sample status 14
4e1d3a1c-99c8-47a5-81b1-74261a726aa7,1006,1334,491,7114.64,2024-02-09 21:40:41,2024-08-11,Sample status 15
c68fdb02-bd04-4346-a0b4-7b8203e26c51,6286,3417,5668,3752.14,2024-09-12 21:40:41,2024-11-01,Sample status 16
75bdc7fe-5e51-4b27-832f-693973f76291,5488,1113,6277,3806.86,2024-08-31 21:40:41,2024-04-21,Sample status 17
986de9fc-7f9c-42e3-89da-4a06fc56b480,1032,7792,5705,1182.71,2024-11-12 21:40:41,2024-09-24,Sample status 18
966276d6-860e-4a29-aecc-1fd69dd2d843,6021,4003,777,7255.78,2024-11-05 21:40:41,2024-08-12,Sample status 19
910e4707-690e-4790-a8bb-16039ecea6f3,1757,5830,3470,6282.49,2024-07-29 21:40:41,2024-02-12,Sample status 20
1c69f26e-bbfb-4f70-bb94-2ff2089ad5f5,9712,4963,8930,7534.82,2024-02-02 21:40:41,2024-03-28,Sample status 21
7c9f1b32-3600-4d1b-a780-857d45140de5,4396,8827,9526,9560.77,2024-08-25 21:40:41,2024-01-06,Sample status 22
94255445-0739-439b-9b33-bd952003569f,6098,2951,1309,1327.7,2023-12-15 21:40:41,2024-01-11,Sample status 23
5d0d34a6-0abb-4e37-ba2a-80b7798e8d8a,6048,209,4240,4254.14,2024-09-19 21:40:41,2024-06-17,Sample status 24
0d079f9a-bf47-4797-9610-48be7a969556,7381,7845,9431,6119.27,2024-02-27 21:40:41,2024-03-04,Sample status 25
dba87aa5-2f25-4833-8865-ffbbabf3efb7,5782,4806,3452,7122.9,2024-10-26 21:40:41,2023-12-04,Sample status 26
4b0cc572-e77b-4a7e-9975-d0260614a8a0,6881,4679,1758,8019.91,2024-08-03 21:40:41,2024-10-08,Sample status 27
bea5cc87-0568-4de4-ba9b-aa614b9531d8,4362,7147,1201,5639.24,2024-08-08 21:40:41,2024-08-20,Sample status 28
9dbb88d6-b44c-438b-94d2-2e6bd142f3e0,7511,149,7742,9829.65,2023-11-19 21:40:41,2024-05-19,Sample status 29
a3ed1840-c3b2-4793-b49d-0db05334428c,5065,7435,2525,1476.98,2024-08-27 21:40:41,2023-12-26,Sample status 30
d2f72cf7-2a41-426c-b554-b120fd4b577c,3980,6960,3649,8927.82,2024-08-12 21:40:41,2024-09-17,Sample status 31
90a7e1b3-37ef-41af-87c6-107154a6ff91,9998,4953,7973,2714.45,2023-11-30 21:40:41,2023-11-19,Sample status 32
83a2a9b0-c765-4b09-9699-8363977e65c9,7073,857,5250,841.67,2024-05-08 21:40:41,2024-08-26,Sample status 33
f793651b-6f54-49b5-b0ce-0c01b5d5e31b,3903,1405,659,2009.18,2024-05-30 21:40:41,2024-02-22,Sample status 34
825abea6-b452-485c-ab65-23e4fab96b94,1303,7386,7859,2154.34,2024-07-05 21:40:41,2024-05-18,Sample status 35
df22a268-d0e2-4d26-9198-5f55906d214e,8191,4646,2384,9563.64,2024-01-13 21:40:41,2024-03-17,Sample status 36
5eb5d40a-1968-490a-8479-cc1402fea4c8,3701,6674,9158,371.47,2024-07-09 21:40:41,2024-06-16,Sample status 37
f0df90c6-c76c-4681-b4c7-b4b5eee3215c,1059,1626,9923,1829.68,2024-05-31 21:40:41,2024-06-09,Sample status 38
b6a18f02-fed9-49dd-9b59-85567c0c5b8b,3120,8908,8202,7908.57,2024-02-08 21:40:41,2024-07-24,Sample status 39
662774a6-138b-4f8d-8652-874c76beb20d,4090,3042,3100,8181.26,2024-03-18 21:40:41,2024-01-19,Sample status 40
ac719b99-c1bf-4d36-b4c9-af9c8d6d140e,2964,9771,6534,8589.99,2024-04-26 21:40:41,2024-01-27,Sample status 41
47521e72-484b-429c-bc1c-5d7252efcfdc,466,9901,3828,5580.98,2024-08-20 21:40:41,2024-09-25,Sample status 42
d6eb1864-9ae6-48fd-a8c7-3aef9afb0048,2301,6418,8413,4821.74,2024-08-10 21:40:41,2024-01-12,Sample status 43
cfc67fe3-d6e2-4466-946d-ce89e824b4de,2430,5845,3489,2860.2,2024-02-23 21:40:41,2024-08-09,Sample status 44
17588ef1-ee9e-4c0a-8d44-c3788aac20d5,3475,2647,6368,4595.29,2023-12-05 21:40:41,2024-06-10,Sample status 45
2665cdc1-2b38-4616-9840-94005a036d61,2537,1056,4691,1499.14,2024-10-11 21:40:41,2024-01-13,Sample status 46
a622cba1-d5d1-4567-a277-86317de812f8,7249,9300,1773,1911.13,2024-01-29 21:40:41,2024-04-30,Sample status 47
23a7ec4e-bda0-4829-aa13-2d16b59a3784,4506,2134,8086,5509.97,2024-10-19 21:40:41,2024-02-01,Sample status 48
4c9dde44-fe3f-46b2-9252-a31e43877b2b,8694,2285,567,386.63,2024-09-04 21:40:41,2024-11-01,Sample status 49
09932801-465c-41c9-90ea-83a9d3343b1e,9796,4481,1621,1359.96,2024-06-14 21:40:41,2024-04-27,Sample status 50
8ceebd41-4d16-4fb0-ad37-94643189dfc7,647,5228,5034,1335.89,2024-11-03 21:40:41,2024-11-01,Sample status 51
5f070ed6-3b01-412c-95d2-e6c1c1e3d4de,9482,1718,4471,5878.97,2024-02-27 21:40:41,2024-10-02,Sample status 52
1bb09c70-800b-4752-9a96-dd2a6ded43b0,1067,7786,3855,9831.55,2024-05-18 21:40:41,2024-07-26,Sample status 53
5f3a4246-7ddc-4b15-8715-e996aa62857c,9767,4708,7457,4837.38,2024-05-15 21:40:41,2024-03-23,Sample status 54
632e7a19-9442-4af7-b3a5-ce90d7eb1aac,7987,9486,6535,8065.15,2024-02-01 21:40:41,2024-11-05,Sample status 55
805082e8-76cd-4b83-8b90-6c9ac37bcb6e,3980,6497,6734,8886.0,2024-03-17 21:40:41,2023-12-21,Sample status 56
07e5f476-8d28-42b8-9892-2725a0244b5b,2612,7701,6205,1196.14,2024-10-24 21:40:41,2023-11-22,Sample status 57
9551d8a5-18c3-4673-b16e-8932f1648e3d,2787,1509,436,9776.96,2024-10-10 21:40:41,2024-07-30,Sample status 58
cf6566ff-c23e-44e8-a451-0717af284b0d,1323,4183,1674,3953.94,2023-12-13 21:40:41,2024-09-05,Sample status 59
8d58eb35-3b81-472b-9fc0-e0a0ffb92267,8353,877,8216,7657.14,2023-12-03 21:40:41,2024-01-15,Sample status 60
b2cea532-e685-4aab-bc2e-6b588ef936f9,757,502,9229,4481.34,2024-04-16 21:40:41,2024-02-03,Sample status 61
3425fd2d-7627-42c5-91e4-8294c40f4236,7994,3055,1885,8055.81,2024-03-27 21:40:41,2024-01-23,Sample status 62
e21dd919-fb63-4d0f-ab2d-7aa2f998fbab,4072,3398,3340,8293.36,2024-02-16 21:40:41,2023-12-06,Sample status 63
067a7e42-e4ae-4639-9574-fc57229d7372,9916,5731,4097,6226.2,2023-12-27 21:40:41,2024-04-09,Sample status 64
75aa4533-3f3f-42f1-8cf9-fd278b3b8344,1813,875,5813,5682.46,2024-11-09 21:40:41,2024-10-08,Sample status 65
16878f6c-9581-4365-8235-0f671a1e36f6,9635,3463,2634,1735.49,2024-07-20 21:40:41,2024-10-03,Sample status 66
ea0adf56-8361-408b-9eac-6e0346861717,4305,5459,1527,2334.19,2024-08-23 21:40:41,2023-12-19,Sample status 67
21691594-fe08-4597-8aae-4dc967472cb6,6130,9621,2004,6940.4,2024-08-01 21:40:41,2024-06-22,Sample status 68
2734053e-cc18-4033-b781-de23d62e9b51,6646,6175,1781,6486.67,2023-12-27 21:40:41,2024-06-12,Sample status 69
16f6b119-3e17-408b-8242-c0dbe2a7030c,751,6810,2113,7996.91,2024-04-11 21:40:41,2024-10-08,Sample status 70
70befdd5-89f6-42ff-b149-80017707bea6,3024,5517,6794,4807.95,2023-11-29 21:40:41,2024-07-30,Sample status 71
5b2b0820-31d0-4d6e-adec-32fa692181e1,9981,5369,5394,3734.62,2024-05-07 21:40:41,2024-02-20,Sample status 72
12aedf8d-3e80-43ab-9db2-5ad7f6c6997f,3944,1115,2707,3946.6,2024-06-27 21:40:41,2024-07-05,Sample status 73
b1a17d2b-4a05-470b-9ae3-14ad5a4bf61b,8341,1666,2054,5130.5,2024-10-16 21:40:41,2024-07-25,Sample status 74
4d83d367-555c-4ecf-a940-35a201c0cef5,5166,9783,8065,3275.45,2024-02-21 21:40:41,2024-10-20,Sample status 75
af25bbad-19f4-471d-a725-3451e425b7a2,8886,406,7122,9154.33,2024-05-12 21:40:41,2024-02-18,Sample status 76
dba8a684-7fc1-430e-b2bd-961d69f6edd3,1065,4716,2064,9598.59,2024-04-24 21:40:41,2024-04-04,Sample status 77
f1118934-a524-41d8-95c4-81032cf07ae6,7343,460,6626,414.46,2024-09-16 21:40:41,2024-01-06,Sample status 78
f5d02551-36f3-4739-b54e-45e893ddefc3,4933,6339,1573,8465.05,2023-12-14 21:40:41,2024-10-31,Sample status 79
ab4c2f66-223a-4dc2-841e-2dbbafce6c3e,2626,4930,1009,7115.1,2023-12-06 21:40:41,2024-04-05,Sample status 80
ebf148fb-7897-4dd3-88a4-32e3c58f4bbf,1707,2825,8637,3909.54,2024-04-22 21:40:41,2024-08-05,Sample status 81
460349fc-008f-485f-a2dd-cd4a8095652d,7757,467,2207,6802.81,2024-05-20 21:40:41,2024-03-14,Sample status 82
b27a7151-bce8-44c8-9f5d-e231a5199966,2683,5001,7425,230.8,2024-05-29 21:40:41,2023-12-31,Sample status 83
5c1ec71b-6a95-4a88-a554-b561dbc03f3b,2676,8424,8517,8098.04,2024-08-24 21:40:41,2024-06-17,Sample status 84
497a7386-d762-4561-a3fa-7a00d168049d,277,5511,3548,1400.22,2024-01-08 21:40:41,2024-07-05,Sample status 85
3bc2f1e0-cd17-4614-a158-2c4180d1618f,7555,6830,3842,2439.41,2024-01-11 21:40:41,2024-06-02,Sample status 86
4c0f73d2-b13a-47e0-b6c8-8498adb6cb0d,6396,5604,3951,2949.2,2024-08-26 21:40:41,2024-09-14,Sample status 87
93a70314-4413-4038-82b3-b05038372efc,6029,3505,5399,7768.59,2024-04-13 21:40:41,2024-02-11,Sample status 88
53e495bd-d55c-4602-8bcd-7278fc2bab9f,8949,4439,3732,2475.75,2024-07-31 21:40:41,2024-06-01,Sample status 89
814c47de-5ba1-4b0a-a08f-99b48a660fae,5938,1782,8097,3743.31,2024-08-07 21:40:41,2024-08-26,Sample status 90
cfc53d40-1d6b-4682-b94d-d9291b10db11,3311,4479,2526,1398.6,2024-08-06 21:40:41,2024-10-04,Sample status 91
77e24307-4965-4c96-a3cd-911439d81191,7108,6892,5684,1942.64,2024-10-01 21:40:41,2023-12-22,Sample status 92
8b3ef6b7-b99b-421f-a164-608efdac3d29,2630,2194,9558,6297.86,2024-05-29 21:40:41,2024-07-18,Sample status 93
0ee9f27f-6315-4c74-b749-ce17007a5fe9,2549,6337,3790,3776.08,2023-12-27 21:40:41,2023-11-17,Sample status 94
e072e13d-ac99-4dd5-8b6c-b5d05d9339a7,8312,5428,5357,8366.45,2024-05-11 21:40:41,2024-03-29,Sample status 95
4549bf8e-133b-4e8f-bd81-e8a1db5fdaeb,953,5522,4620,5023.66,2023-12-14 21:40:41,2023-11-17,Sample status 96
681a90e0-e8ff-4e39-93a6-be5408350177,5985,5609,6693,6723.73,2024-01-04 21:40:41,2024-10-04,Sample status 97
82c3d71c-129b-4540-af1a-3321fdb5683f,5493,8152,8998,5989.08,2024-04-21 21:40:41,2024-09-10,Sample status 98
f53cdbd0-5119-4f46-a655-a69200dce67b,2682,8872,3533,4068.62,2024-07-21 21:40:41,2024-01-30,Sample status 99
9706845e-64cb-4a38-b814-a0a084f97236,7542,3487,1031,5482.27,2024-04-08 21:40:41,2024-07-31,Sample status 100
4b440e97-b0dd-4ed5-9448-3c60ade2298e,3600,2187,6401,3459.5,2024-07-24 21:40:41,2024-06-27,Sample status 101
7c5c6e0d-d43c-4f87-8605-f71f9558028f,9841,8610,6768,3520.29,2023-12-19 21:40:41,2024-05-17,Sample status 102
f3cca8fd-6b8b-48cd-9ae7-7920372b5cd8,3974,100,9118,1003.6,2024-08-16 21:40:41,2024-05-16,Sample status 103
a6216df5-562a-47c2-8cbc-416de495a917,4425,311,1214,6094.92,2024-08-02 21:40:41,2024-09-15,Sample status 104
745a51a4-46ac-459b-8064-dc68c6757d3e,535,7644,8247,825.62,2023-12-29 21:40:41,2024-07-19,Sample status 105
b10ea17e-b266-4277-b54e-4310ec9ddf4d,1022,1958,7437,2234.44,2024-05-09 21:40:41,2024-09-21,Sample status 106
1a87db57-7b9b-4857-8ff6-b21cb64126a9,6404,1025,6114,1327.08,2023-12-07 21:40:41,2024-05-13,Sample status 107
090b7349-c94c-4b68-bb40-16406bd3a666,7173,2927,6634,946.56,2024-03-30 21:40:41,2024-09-11,Sample status 108
4106a45e-15f5-4ed2-a4c8-4a04531006e7,1277,1960,7412,9349.27,2024-10-10 21:40:41,2024-09-04,Sample status 109
1b4b54e4-4a28-479e-92bb-f2fb91c250a6,2075,3334,2345,8592.17,2024-03-10 21:40:41,2024-04-01,Sample status 110
548e27d5-e90d-4f50-85b2-e9e9e5d3b53e,3034,9330,3837,2793.59,2023-12-13 21:40:41,2024-11-07,Sample status 111
5a106f7f-39e8-436a-9444-7954496bf396,5886,4445,252,3226.37,2024-06-07 21:40:41,2024-08-05,Sample status 112
9d0ddf66-c824-4c06-9451-195dd5005a9a,6373,8298,4515,4265.61,2024-06-07 21:40:41,2024-05-03,Sample status 113
fae032b2-a622-464f-906a-485312240468,1467,9041,7067,210.77,2024-08-04 21:40:41,2023-12-31,Sample status 114
fefc2b09-a4aa-4fb6-98be-26592c03b94b,7300,9729,2854,1541.86,2024-02-08 21:40:41,2024-09-24,Sample status 115
86caded9-f1fe-4b41-85bb-a44c45478434,8577,544,8070,3430.29,2024-07-02 21:40:41,2024-08-22,Sample status 116
ce7092bb-a61a-45b7-a6e8-26522abfb3fe,3198,9216,2590,4347.68,2024-10-09 21:40:41,2024-04-07,Sample status 117
2008a9c1-6058-432b-941e-b9ddfd962a84,5942,9996,5730,1893.15,2024-07-24 21:40:41,2024-04-08,Sample status 118
d40b3455-7678-4238-ab09-4784438abc4e,1382,2541,9902,8022.13,2024-10-13 21:40:41,2024-10-29,Sample status 119
453dae3f-b368-41d3-8ef6-99e42ca86f58,5542,9093,5437,4749.41,2024-01-14 21:40:41,2024-08-12,Sample status 120
b1ffb96e-5b8c-4b97-bda6-cbf1d3f25586,4549,9024,3387,3656.63,2024-05-09 21:40:41,2024-03-09,Sample status 121
27e96b67-9f6a-44cb-ae08-a7c8390b5876,2114,4160,4862,1650.91,2024-07-19 21:40:41,2024-07-17,Sample status 122
2f25efdc-611e-471e-ac8e-59dbd3a7d4c9,6066,183,1482,809.38,2024-05-19 21:40:41,2024-07-19,Sample status 123
f5fa3d9f-b0a3-48a7-a6b5-5565a92c6a2f,8656,4110,6278,3974.31,2024-05-20 21:40:41,2024-07-05,Sample status 124
84959253-1d67-4219-adf1-a1c79362a9c8,7703,4465,3435,960.96,2024-10-26 21:40:41,2024-03-15,Sample status 125
384c356e-6894-4b44-87cd-a94d6ee0061c,397,7851,1710,3103.75,2024-07-16 21:40:41,2023-12-17,Sample status 126
e4bc54b2-3e2e-444e-a63f-86d0e056f16e,7917,1664,4181,4349.8,2024-11-10 21:40:41,2024-02-01,Sample status 127
ad6af454-ad23-44ac-b173-2836c3f22d3d,6512,5173,3739,6443.26,2024-02-02 21:40:41,2024-04-04,Sample status 128
69ccae98-dcda-48b0-a775-3c58bb3daee8,820,2456,667,130.15,2024-03-27 21:40:41,2024-10-18,Sample status 129
9df062b3-8da2-4b05-9c48-ec14c78f92bf,2669,3253,4454,8495.08,2023-12-28 21:40:41,2024-05-05,Sample status 130
26900922-c421-43ab-bf68-4710b82bc3c3,8039,8153,4871,595.28,2024-07-28 21:40:41,2023-12-12,Sample status 131
84c2ceeb-c7e5-4066-b239-fd6b45dce9f2,7050,7623,147,2874.09,2023-11-29 21:40:41,2024-03-23,Sample status 132
289b9b03-b25f-40b5-90f0-a581cb504335,7174,5052,6893,2359.53,2024-01-29 21:40:41,2024-07-14,Sample status 133
ccabf245-e98e-4fd4-899f-285b59dac21c,7817,7630,9561,9005.47,2024-08-18 21:40:41,2023-12-04,Sample status 134
c2bab19e-851d-4348-aacf-936b38b5cf88,6527,3038,8117,1891.12,2024-01-07 21:40:41,2024-04-18,Sample status 135
1beefb91-79df-4c20-b8ff-7d1e6b908749,9866,3220,6815,2764.91,2024-04-26 21:40:41,2024-11-05,Sample status 136
7b2f4e3f-f59d-427d-b6e6-1acccd125232,6373,7813,1661,6400.8,2024-03-28 21:40:41,2024-09-18,Sample status 137
e8d87623-0f4f-418b-a3e6-75f64df776fe,5693,8313,4495,1489.33,2024-09-19 21:40:41,2023-11-13,Sample status 138
84b5e349-fff4-472c-b99e-d7c8cf58e622,6043,8738,5081,1114.7,2024-05-01 21:40:41,2024-02-06,Sample status 139
832601e1-1a51-413a-a57b-460833ec0e32,8236,6322,8042,3914.52,2024-08-31 21:40:41,2024-10-22,Sample status 140
0014cb13-959b-44d3-97f9-765427b58bce,9760,930,9578,5302.86,2024-10-03 21:40:41,2023-12-11,Sample status 141
ca84c5c6-4297-427c-a6bd-bca6af788229,4434,1130,7546,6145.72,2024-08-27 21:40:41,2024-02-03,Sample status 142
5c1babec-ad5e-40c3-9228-6511cca7cb6b,5764,8921,7743,6751.36,2024-08-20 21:40:41,2024-11-12,Sample status 143
41cd803f-6fd1-4236-aab2-93e8af4c787e,8100,519,3828,4172.24,2024-09-19 21:40:41,2024-06-21,Sample status 144
e0b6b274-bf14-45ae-9931-0d3e79cf9981,5102,1076,3815,9479.64,2024-03-29 21:40:41,2024-01-08,Sample status 145
415d38bf-7ee6-449a-be4b-83f57c9dad47,5147,9702,573,2276.88,2023-12-29 21:40:41,2024-07-12,Sample status 146
a30b04d1-29b3-4517-9675-4ca71964a9e4,7567,5768,6023,8603.14,2024-03-22 21:40:41,2024-07-24,Sample status 147
a922c45e-c535-470c-a90e-31dea7a8066d,9245,3664,7141,5768.67,2024-07-04 21:40:41,2024-03-12,Sample status 148
5b5308cd-a37b-409f-b8bf-4ab55e570ec7,7378,9673,8541,257.41,2023-12-10 21:40:41,2024-10-20,Sample status 149
0acf7258-de51-4aea-84f9-695ccc14f398,8392,7081,2898,7168.28,2024-03-09 21:40:41,2024-04-06,Sample status 150
c17b9653-3c6d-44fd-92bc-87d04ac22a96,788,3257,5727,8445.66,2024-09-20 21:40:41,2024-01-12,Sample status 151
e38a438f-e51a-423c-bf9b-cb426badb1f5,6364,4223,8505,2388.55,2024-09-24 21:40:41,2024-05-11,Sample status 152
b1ae147b-7a93-410b-86b5-7cdcb3d88b25,327,4207,6326,3185.84,2024-06-09 21:40:41,2024-03-19,Sample status 153
708a7887-d084-40ea-a95c-5606b76bbea5,512,8057,6153,6433.4,2024-05-10 21:40:41,2024-04-12,Sample status 154
22e2bce6-88fc-47af-b9e9-4f9c32bf7332,2344,2483,6532,424.26,2024-10-13 21:40:41,2024-09-16,Sample status 155
2818f1df-5517-429b-a39c-cbdb0b764f20,3314,8796,5997,8643.17,2024-06-21 21:40:41,2023-11-23,Sample status 156
80d6a1da-1273-497e-9f01-24bfa4749081,6021,8431,478,7967.33,2024-10-01 21:40:41,2024-01-02,Sample status 157
0f247b87-b778-4ae0-9f63-c3b2fa445b9e,1008,1998,1170,3610.74,2024-09-29 21:40:41,2024-04-15,Sample status 158
d019fbcf-16e9-4fa6-84fd-7846fc49179b,4791,200,7469,4354.93,2024-08-26 21:40:41,2024-01-20,Sample status 159
ac97916e-6fc7-4694-8382-1e682a433751,6541,878,1229,4982.66,2024-11-06 21:40:41,2024-07-17,Sample status 160
edd2315c-8fe9-4cd1-9c81-e2010be5c54f,9805,2136,3474,4685.09,2024-02-16 21:40:41,2024-05-17,Sample status 161
e6dbb457-9342-4d8e-8b9e-dd5699675160,5558,7816,6308,1741.15,2024-02-07 21:40:41,2024-06-21,Sample status 162
32ac9483-eede-4aa8-8329-6d9d2ee390bd,1595,2640,4276,5946.66,2024-02-15 21:40:41,2024-09-11,Sample status 163
fc9beca1-307e-44f8-82d3-3a09bcef4b10,6822,8847,204,4591.27,2023-12-06 21:40:41,2024-07-16,Sample status 164
9ae64f24-f162-4da3-ba45-91fbdeb4a9a9,2606,9095,946,5258.98,2024-01-03 21:40:41,2024-03-19,Sample status 165
79e713d7-9954-411c-bd8e-5f60adf31756,8041,4703,8834,4880.17,2024-01-19 21:40:41,2024-02-23,Sample status 166
41737367-2b43-49be-8a6c-56c9118170be,5234,738,9739,437.82,2024-05-27 21:40:41,2024-08-30,Sample status 167
5889e9a2-7238-4853-bfe7-7e70e5376037,282,3249,7161,5984.48,2024-01-29 21:40:41,2024-08-12,Sample status 168
4b1c4b9a-1b86-4ccb-877d-311b6aeea4cf,9339,2822,8160,5024.77,2024-05-23 21:40:41,2024-02-28,Sample status 169
464175ef-fdc6-4597-b9c4-ef10b35bf5c6,2734,3614,3289,3409.56,2024-03-13 21:40:41,2024-01-25,Sample status 170
7b8ff89a-1555-4482-aa51-1f678cd29587,8457,347,7619,3999.63,2024-06-01 21:40:41,2024-08-09,Sample status 171
2d98b20a-dd80-48e5-955f-ffc46bbed5eb,7828,3390,6583,4093.68,2024-01-12 21:40:41,2024-01-17,Sample status 172
176057f1-5636-4d95-8786-8e778ffac2d4,2447,2424,3275,2700.8,2024-01-01 21:40:41,2024-02-08,Sample status 173
35631767-c5d6-41d8-b6a6-0758d1ef6ee1,836,701,1010,5641.81,2024-03-21 21:40:41,2024-09-06,Sample status 174
01d78aeb-572a-4cec-9627-8c75d77b7727,5243,8160,3962,3556.5,2024-03-13 21:40:41,2024-01-25,Sample status 175
a073226d-da28-4923-afec-689eb3601349,6041,4782,2652,6899.88,2024-05-28 21:40:41,2024-10-09,Sample status 176
f38c7dc6-5684-4627-a0f5-b61003d2748a,5642,7948,1497,4451.92,2024-10-14 21:40:41,2024-03-30,Sample status 177
e32f8383-0893-4368-9039-7ea4661bccd2,6068,9288,7725,2403.48,2024-03-29 21:40:41,2024-10-17,Sample status 178
44b02add-52c3-4633-bb7b-7d7803817b74,477,6453,1411,942.72,2024-08-04 21:40:41,2024-04-07,Sample status 179
4483dfea-0913-4992-bff7-1406bb6ccf75,7253,815,1354,7684.26,2024-08-28 21:40:41,2024-05-21,Sample status 180
c8a19dec-2f81-4802-ac74-1e82214d575f,5034,1726,2585,7125.65,2024-08-03 21:40:41,2024-08-21,Sample status 181
892e56dd-5b83-467c-abb7-03e48772d1bc,4199,6485,5891,9507.11,2024-02-26 21:40:41,2024-06-13,Sample status 182
c03a938c-ccb3-4b68-8795-337f4baddeff,4631,5877,8481,4132.81,2024-10-18 21:40:41,2024-04-27,Sample status 183
e9425c93-778d-456e-b4e7-d1400e17c9e3,8435,5165,9803,4598.11,2024-05-03 21:40:41,2024-05-21,Sample status 184
19ced8be-22a2-4cd1-a3ab-b1bea1f356d6,3808,7095,6123,1496.91,2024-02-27 21:40:41,2024-09-24,Sample status 185
45579141-7d2a-4266-b641-2ea64628b0d0,3409,2697,3032,2817.57,2024-10-13 21:40:41,2024-01-11,Sample status 186
6d6460f9-70ce-44cd-a95b-894d196ccc6b,459,3016,808,106.52,2024-05-12 21:40:41,2024-01-06,Sample status 187
0b0f83b2-9b48-4875-a755-23a72ceb1764,2864,920,9787,1459.95,2024-09-21 21:40:41,2024-01-17,Sample status 188
1bb4d2cc-57e3-4bfb-8b27-bbeedb23f584,9465,2605,9881,7784.43,2024-07-16 21:40:41,2024-06-19,Sample status 189
d6ea4a2c-862b-486e-8b6f-a983aa810037,4215,2752,5601,7744.46,2024-08-25 21:40:41,2024-07-30,Sample status 190
a783f73a-1dd7-4d78-adb7-89ae67d00a7f,7290,9146,2810,6087.07,2023-11-29 21:40:41,2024-09-03,Sample status 191
5ac8e2a5-a87b-4cac-ae0e-8ef4a393da41,7205,7873,6739,5249.1,2024-09-09 21:40:41,2024-08-17,Sample status 192
e8d088bf-e90f-49ce-9244-1212d7be7974,5756,5272,5071,4776.73,2024-10-31 21:40:41,2024-02-10,Sample status 193
077b2411-ad69-4a37-a64f-1d5afda56f6c,1548,4980,4241,8508.33,2024-06-03 21:40:41,2023-11-17,Sample status 194
e1f0ddf3-e24d-42f0-86bf-11ed3805cb94,2813,8973,6503,1834.56,2024-05-24 21:40:41,2024-10-18,Sample status 195
c707adbd-8a2b-4dae-b26d-acaa457dfd46,6553,5931,4313,8744.86,2024-08-25 21:40:41,2023-11-22,Sample status 196
5459aae7-0ea0-49e3-bc79-d98846433304,5074,8190,2182,3004.92,2024-03-05 21:40:41,2024-02-17,Sample status 197
836f1fa8-98b5-4eef-9d8a-8406699067f3,1795,4773,5610,4155.95,2024-05-11 21:40:41,2024-07-08,Sample status 198
78767ad1-1129-422f-bf23-b4ee2b35257d,4589,1573,7410,2133.24,2024-01-12 21:40:41,2024-08-16,Sample status 199
f4a3e404-1fd2-4227-bcfb-9d5f2ad05deb,2064,3410,1227,3323.76,2023-11-21 21:40:41,2024-07-10,Sample status 200
cc13099b-73f5-46d8-b6e3-d802b7b09711,5531,8189,4922,3639.43,2023-12-18 21:40:41,2023-11-28,Sample status 201
b21d5b4f-8579-4772-9a87-255e7e607e5d,4748,3868,5524,6659.67,2023-12-08 21:40:41,2023-11-23,Sample status 202
078c74d8-7598-4514-b3ba-a0e7972ccfd4,6834,234,5245,2411.27,2023-12-16 21:40:41,2024-03-17,Sample status 203
26d7b8ab-cd6e-41a0-9239-a7bd8f756bef,5597,8568,8018,6261.84,2024-06-02 21:40:41,2023-11-28,Sample status 204
070ddda5-ba90-4bc9-8074-b28532f880fd,910,2543,1967,5793.82,2024-05-07 21:40:41,2024-03-21,Sample status 205
71d5e38c-0f6f-49e1-90df-6b9358439c7f,2953,6828,6619,9328.17,2024-08-17 21:40:41,2024-11-04,Sample status 206
36e5a294-cb2b-416a-b070-7725d6d29825,5144,5635,7508,3670.65,2024-05-09 21:40:41,2024-08-16,Sample status 207
eb3028cd-25c2-4d64-88ea-d1a267b96da2,2402,9276,5536,7058.22,2024-10-16 21:40:41,2024-09-15,Sample status 208
4de1ca7f-8342-4ff0-9256-3114b1ea38f9,5302,8043,5782,8991.88,2024-01-09 21:40:41,2024-01-30,Sample status 209
b4f57a93-ccf2-40e9-aded-fe6aaf4292af,7830,1660,3734,4556.77,2024-05-28 21:40:41,2024-01-15,Sample status 210
6ca573c6-4c65-45fa-b334-8e31ca166f39,246,5576,5202,2481.45,2023-11-27 21:40:41,2024-01-16,Sample status 211
40367ede-5a27-4874-8c16-f6d25b0aff6f,7661,733,3890,3276.13,2023-12-31 21:40:41,2024-05-20,Sample status 212
a0878191-8ea9-45ad-a0f0-1aadeb5021c5,5754,3950,3429,8104.34,2024-09-16 21:40:41,2024-11-11,Sample status 213
4e3cca5b-22a8-4226-9ca8-cc4d246fd67a,1983,1848,3114,902.33,2024-01-02 21:40:41,2024-06-20,Sample status 214
ef8bf4f8-2adb-494c-abd1-cf35ef6e999e,9450,6810,4962,1441.8,2024-01-16 21:40:41,2024-06-01,Sample status 215
9b13bd27-23c3-4a93-bbbb-cbd0898435e6,8423,4785,9521,997.52,2024-07-26 21:40:41,2024-02-08,Sample status 216
26f5391e-a598-409b-8389-bac25288db4e,8921,7392,740,326.62,2023-12-22 21:40:41,2024-08-01,Sample status 217
d3b1bd68-8e5d-4ee3-a525-21e584bd4986,9678,4378,7833,7634.23,2024-05-14 21:40:41,2024-07-06,Sample status 218
6492a29d-73b4-4a11-8b84-280e02bf8efa,3864,5078,5258,686.55,2024-05-17 21:40:41,2024-03-13,Sample status 219
6f09cba8-6f49-446d-8b09-a226f085f08d,7032,4083,555,8910.19,2024-08-13 21:40:41,2024-03-21,Sample status 220
7dc5f034-6df8-41a5-8ed4-827ae2deabeb,4179,4551,4036,4252.88,2023-11-30 21:40:41,2024-01-04,Sample status 221
a2912200-e32c-465a-b490-02710e6c733d,8778,6770,6199,699.86,2024-05-13 21:40:41,2024-05-21,Sample status 222
9fd4dbf4-d9a0-4907-9209-d0c706d419f4,554,1204,8048,5322.07,2023-12-31 21:40:41,2024-04-26,Sample status 223
f5a9a953-a039-47a3-bae3-132e1fe0f18f,4697,1259,877,1965.48,2024-05-12 21:40:41,2024-05-02,Sample status 224
2d24b942-3229-4481-b2eb-518d7d05fedd,5875,2431,4502,233.83,2024-05-13 21:40:41,2024-04-20,Sample status 225
aebafe1c-98d2-45eb-974b-b2baaf419be3,6081,1973,6440,9036.24,2024-05-03 21:40:41,2024-01-08,Sample status 226
e9a961f6-2eb0-4bcc-9350-b2b04e09d62c,7170,7881,6567,3026.59,2024-07-24 21:40:41,2024-02-18,Sample status 227
8e55023b-3349-44f0-b15a-dee9b177f24a,3295,1613,9556,6806.4,2024-02-18 21:40:41,2024-10-21,Sample status 228
934b0750-6bb2-4d5d-9ca7-2ab9db012590,2401,3333,7202,2382.4,2024-05-15 21:40:41,2024-02-01,Sample status 229
811abd8d-0fb3-4c49-b1d8-0c9a5ddc1e40,5857,9516,868,3652.35,2024-06-29 21:40:41,2024-11-11,Sample status 230
6be63061-7b48-44a2-bb84-09ab91becf35,9326,5721,8095,7510.2,2024-02-17 21:40:41,2024-05-26,Sample status 231
85166b7c-c888-43bd-a9c5-e5d18fa96ead,4623,5200,9517,3446.77,2024-03-31 21:40:41,2024-09-02,Sample status 232
358110b9-7400-426e-8ac5-90681301c7e8,9406,4634,1490,8935.89,2024-08-30 21:40:41,2024-10-30,Sample status 233
dced5649-5fd2-4f97-a23c-71eb26626969,4293,2148,6907,9829.21,2024-07-26 21:40:41,2024-04-02,Sample status 234
b3cef697-a9a1-42b2-9263-4eb90e473b15,5929,5541,1595,8559.45,2023-11-28 21:40:41,2024-10-15,Sample status 235
0b3c4486-46b1-438a-8d2c-024a388a36cb,562,7917,1396,2182.45,2023-12-12 21:40:41,2024-02-26,Sample status 236
806eac26-4bd9-4f1c-b44f-53ed0f025ae3,2507,6370,2054,7440.16,2024-06-20 21:40:41,2024-08-29,Sample status 237
7980d310-a9de-4a66-b627-001a59dad8e0,9973,7834,3256,6777.12,2023-11-25 21:40:41,2024-04-12,Sample status 238
d426e91f-9a64-4839-878b-43525d26598a,3695,8883,1783,3075.07,2024-09-28 21:40:41,2024-06-06,Sample status 239
4c4d3736-bdc9-443f-98c7-fa68becc23dc,3939,7167,8381,7920.79,2024-01-02 21:40:41,2024-05-07,Sample status 240
7bf23752-f2b2-4c79-8eb8-2863b8963e71,5144,354,4839,763.18,2023-12-10 21:40:41,2024-07-03,Sample status 241
bd9c03c6-c094-463f-8f47-10257dce366c,1196,8108,7326,4047.98,2024-09-19 21:40:41,2024-01-03,Sample status 242
3ef4f5ba-c515-4340-9683-35ec929832f7,8558,1346,1615,2820.97,2024-08-11 21:40:41,2024-04-21,Sample status 243
f3333fb6-67f5-4a86-9b8d-f1e381aecb33,4921,6735,6583,1776.04,2023-12-28 21:40:41,2023-11-23,Sample status 244
65c9430b-7aa1-4c8d-81ef-31ec460606fe,7586,1890,6179,6674.11,2023-12-26 21:40:41,2024-09-22,Sample status 245
76fdcc94-26d6-4290-b9d7-059584ebb6d0,277,8621,9722,8761.38,2024-08-03 21:40:41,2024-03-06,Sample status 246
dc52e24f-3b10-4a5d-9358-042216df3f7d,6661,7851,7060,5672.16,2024-04-19 21:40:41,2024-03-30,Sample status 247
1e1be5e9-29c8-42a8-80b0-963c7adc3e19,5652,6495,203,8573.78,2024-06-26 21:40:41,2024-05-05,Sample status 248
1df77fec-2f0f-4e76-9f25-65d808d93d38,6442,3840,1543,3349.09,2024-04-15 21:40:41,2024-07-29,Sample status 249
8dece9f4-f580-4f72-9a9e-4b77c1d5b2be,1558,6111,1208,6303.53,2024-09-16 21:40:41,2024-05-17,Sample status 250
5177821d-d181-4510-b881-e83755d886f3,682,7326,4680,814.82,2023-12-16 21:40:41,2024-10-02,Sample status 251
b028dd0c-9893-4ec3-a9f1-fa53d7fb7915,5430,4732,2135,7082.95,2024-09-16 21:40:41,2024-08-04,Sample status 252
88ade754-3686-44bd-b7f5-4947f9838ecb,572,6955,697,2141.83,2024-06-08 21:40:41,2023-11-16,Sample status 253
c67e9b69-bc85-491a-8a20-b1d3e538ffe8,6300,116,743,3613.38,2024-05-23 21:40:41,2024-01-30,Sample status 254
7b91b687-75c5-4cf5-81c5-6e105f694489,8685,8314,8044,2708.54,2024-03-23 21:40:41,2024-08-27,Sample status 255
71cf6594-d41d-4828-ae95-a19422c7ea91,8751,1985,9770,8173.3,2024-02-04 21:40:41,2024-01-24,Sample status 256
9dc1dd27-b715-44ab-97a2-0fdf26c4532b,2829,5797,6341,9582.67,2024-11-10 21:40:41,2024-05-03,Sample status 257
5765f23a-782b-4901-b2a7-0a8efe4e3d83,2528,1704,632,3931.46,2024-05-11 21:40:41,2024-05-07,Sample status 258
b13312b1-6440-4c40-b5dc-8fac50da2b75,3771,1525,5319,9818.39,2023-11-13 21:40:41,2024-04-30,Sample status 259
d6f30790-e142-4405-bc0d-aaace1071cc2,1213,7401,8265,1721.05,2023-11-22 21:40:41,2024-09-19,Sample status 260
4b7a18e5-e191-4297-bafb-7369f056738c,6023,5785,9805,8122.44,2024-02-27 21:40:41,2024-05-23,Sample status 261
06041b69-70ea-424a-8ef5-051b80348d63,5584,3341,4473,2279.5,2024-04-16 21:40:41,2024-07-26,Sample status 262
8a8b6897-6b4e-4263-a4a8-9b0348a2aca5,3120,2493,6338,4108.35,2024-04-20 21:40:41,2024-09-10,Sample status 263
bcc7fbc1-5e56-443b-8054-a7302b0b6bab,1112,6887,5562,4027.45,2024-09-05 21:40:41,2024-05-16,Sample status 264
4860f821-aa1f-47cc-b5a5-db495c350448,9763,5976,9264,8396.27,2023-12-28 21:40:41,2024-11-03,Sample status 265
216675ed-c0ca-4173-8153-6953b042cf2d,3316,6879,2280,1692.24,2023-12-17 21:40:41,2023-12-09,Sample status 266
e9fdcf2b-6556-4f1f-ac3d-0350528a8381,3201,4108,1510,9373.19,2024-02-18 21:40:41,2024-05-16,Sample status 267
97f4599d-a1a2-454e-9ce5-60f8dac0cd7d,6350,5897,5052,8238.15,2024-08-30 21:40:41,2024-09-05,Sample status 268
adbff425-2c6f-436c-9d2e-21721fd7361d,8273,7238,7547,1800.91,2024-06-01 21:40:41,2024-02-23,Sample status 269
7d919e74-0f98-4a9e-b145-3b24052e7a60,7944,2586,4090,5659.34,2024-10-21 21:40:41,2024-06-23,Sample status 270
f31cdf93-b555-477a-a73a-78cc1a283b24,8128,8786,1334,4266.82,2024-05-03 21:40:41,2024-03-11,Sample status 271
f53977ac-3dbb-4aa4-8774-dfce2f9f1c7a,6112,2833,3319,3268.13,2024-03-06 21:40:41,2024-02-26,Sample status 272
69734456-8c02-4700-bf9c-389e504c3eac,6062,8397,5788,7515.03,2023-12-07 21:40:41,2024-07-15,Sample status 273
c52d87e5-ea0e-4c80-8e99-3ac23ed89565,6146,4884,8870,4603.85,2024-09-10 21:40:41,2024-08-06,Sample status 274
0d6b815c-6771-44a4-bb6c-8a93255ada8a,5890,3605,9590,4986.56,2024-04-07 21:40:41,2024-01-02,Sample status 275
4eeaf769-3ddf-4b98-b844-edb5a0e2eb25,7981,5798,9214,7458.74,2024-01-04 21:40:41,2024-02-19,Sample status 276
cb3b5a5e-619a-4421-ae52-be5c591c6546,3357,3006,7032,3146.62,2024-01-01 21:40:41,2024-02-18,Sample status 277
e89118af-95bb-4143-bca4-0e6285a3b232,6661,4951,2261,6507.07,2023-12-11 21:40:41,2024-02-27,Sample status 278
6727595a-6de0-49a6-80b5-d34e91111f5e,9154,1606,6853,7926.5,2024-04-20 21:40:41,2023-12-29,Sample status 279
e8482296-5145-4b8a-9f15-66781998bb57,4479,677,6607,9444.23,2024-09-23 21:40:41,2024-03-03,Sample status 280
65dd8b4a-b76b-40ff-af5e-25987436255d,1841,3169,3990,5421.94,2024-07-02 21:40:41,2024-11-08,Sample status 281
8f339183-d590-488a-a05a-c275f0eb7a84,8412,1592,2336,2610.77,2024-07-19 21:40:41,2024-01-30,Sample status 282
58dd17a3-555a-471a-bdf1-a5f14e2ba194,448,1755,6684,3608.23,2023-12-15 21:40:41,2024-03-29,Sample status 283
93247b7c-3a7b-454e-84b6-f147a7f6fa32,4289,4364,7783,5452.99,2024-10-19 21:40:41,2023-12-11,Sample status 284
b7a8fbb0-90c8-474b-ab9f-baf7ce8b1fac,3553,5820,3577,1352.8,2024-10-12 21:40:41,2024-01-28,Sample status 285
994215bd-63eb-4a22-8cc9-20931061ef25,4946,6338,9974,6875.04,2024-01-31 21:40:41,2024-06-26,Sample status 286
aff89eee-e50d-4f29-b841-5fe8e4d338a3,6659,8158,151,4308.82,2024-01-18 21:40:41,2024-02-21,Sample status 287
34cde0be-f896-4df1-874c-9ac52611930e,1188,7763,1288,5874.26,2024-11-08 21:40:41,2024-03-04,Sample status 288
b971f043-2fa6-4569-9194-760dd9327e54,6778,4517,2997,7262.77,2024-11-02 21:40:41,2024-06-16,Sample status 289
9947cbaa-c65f-4099-8d86-630ca484b3eb,3818,443,9632,1568.12,2024-09-17 21:40:41,2024-09-02,Sample status 290
40bfffe3-91c6-4272-8ea0-c6bedbd61f78,8139,2036,851,3434.16,2024-04-11 21:40:41,2024-07-21,Sample status 291
978b3cf9-b244-46a3-a1e5-0c872a2ecff9,4882,5352,879,8648.35,2024-07-12 21:40:41,2023-12-12,Sample status 292
bdd5af5e-82ec-42cb-8cb0-42e9512a98d4,3544,7912,2996,863.1,2024-05-26 21:40:41,2024-02-21,Sample status 293
fe24927f-33ca-4334-89f8-bc04340664a8,6530,4753,2405,8107.53,2024-08-29 21:40:41,2023-12-28,Sample status 294
679cacc9-48b8-44cf-836b-1d0e981af202,9377,3964,9153,7752.71,2024-03-21 21:40:41,2023-12-15,Sample status 295
5e93da81-c66e-4819-b6f3-7b42dafbc554,7306,6793,8515,3744.24,2023-11-19 21:40:41,2023-12-20,Sample status 296
abb614cd-c53c-464b-92bd-44bafdf87487,3539,1401,3220,3793.19,2024-06-08 21:40:41,2024-06-21,Sample status 297
034c41f4-44e3-4325-a767-77e23b2274d1,5955,4158,1647,1005.92,2024-05-10 21:40:41,2024-08-07,Sample status 298
c8719429-0b49-45b2-af45-29116841fcff,8864,1565,3651,531.2,2023-12-13 21:40:41,2024-04-30,Sample status 299
1463d755-5a81-413c-a351-53538aa033e9,5015,1805,5843,5794.13,2023-12-17 21:40:41,2024-04-30,Sample status 300
55c12d88-2116-4945-a203-b1869b179af7,1366,1662,7624,113.81,2024-02-07 21:40:41,2024-03-28,Sample status 301
e15efa94-baab-40c2-a91e-88fb7d4c85cc,3381,7684,1081,2486.93,2024-05-23 21:40:41,2024-05-30,Sample status 302
6440719f-25c3-4e4e-95ca-7ccfb25d53d9,3201,4372,9851,3281.85,2024-05-08 21:40:41,2023-11-16,Sample status 303
45bf271c-893c-4594-92a8-7a051edab077,3748,6155,6367,6274.0,2024-05-26 21:40:41,2024-05-28,Sample status 304
d623e7d7-e4b2-401e-bbfc-5127aa803498,5401,8379,8469,7688.12,2023-12-25 21:40:41,2023-12-27,Sample status 305
49c4a1c3-8607-40c1-aa33-41cfb44705f3,1766,6116,1965,346.89,2024-02-13 21:40:41,2024-09-28,Sample status 306
6eb4ac3e-32a8-4526-a22c-12cd1a136a04,3728,2559,6961,2607.3,2024-10-06 21:40:41,2024-06-07,Sample status 307
a6d34eae-99c4-48f1-a0bd-afe152386d30,5030,2050,1899,7173.15,2024-05-20 21:40:41,2024-06-30,Sample status 308
a619807d-8c6c-41f3-b4c5-2ae4a24f8d43,7773,3588,1530,470.95,2024-01-28 21:40:41,2024-10-14,Sample status 309
c4d466fb-3e91-4035-9116-d48a5b48da3e,9218,9477,7920,5908.03,2024-06-26 21:40:41,2023-12-06,Sample status 310
af7ac24b-ce35-468d-8ff1-422310201a7c,9123,7913,6933,6689.25,2024-09-02 21:40:41,2023-12-16,Sample status 311
9ca01e92-1a85-48d6-8c90-cc99b33f15d9,6928,4026,8950,3492.62,2024-05-14 21:40:41,2023-12-20,Sample status 312
6b1c4f3c-03d8-4d0f-b437-ab09456de3df,9296,4168,3565,772.88,2024-04-19 21:40:41,2023-12-26,Sample status 313
fe81c641-be58-49e7-b671-085ade833164,1400,5983,6611,3400.78,2024-03-19 21:40:41,2024-11-12,Sample status 314
e4a58f6e-5743-4e28-8b02-f6234fc79d4f,5325,3180,2726,393.34,2024-02-02 21:40:41,2024-05-03,Sample status 315
a0a0346d-db2f-4733-90f3-784bb03afa12,9080,6439,1735,4044.13,2024-05-30 21:40:41,2024-03-15,Sample status 316
f81c1b75-e6b3-41bf-bebf-1cd048bcea2b,4251,6974,2090,5184.54,2024-03-10 21:40:41,2024-01-30,Sample status 317
124204cf-520e-408b-ac56-4ae386efc811,7629,4012,3403,1529.2,2024-11-03 21:40:41,2023-12-18,Sample status 318
ec66802a-4ac5-49db-abe5-9ee85589626b,7474,1569,746,442.2,2024-05-05 21:40:41,2024-04-11,Sample status 319
52d686b6-eaf1-4828-ac3d-354dba2ca609,4950,7167,6224,8904.52,2023-11-15 21:40:41,2024-05-15,Sample status 320
d0a37383-15f7-4454-86e3-965b790b782a,1450,533,8555,8161.87,2024-10-15 21:40:41,2024-06-05,Sample status 321
584c9906-9471-43bb-8a8e-70d57eb224af,6009,9981,2929,6981.84,2023-12-24 21:40:41,2024-05-13,Sample status 322
8fed6d08-bf82-4b34-9729-c36ba323cbc7,7099,7868,8247,7008.91,2024-07-30 21:40:41,2024-08-07,Sample status 323
75c1f384-0c0e-4e6b-9722-01f02c28f185,1758,2812,2584,5109.03,2023-12-30 21:40:41,2023-11-19,Sample status 324
c4b6852b-2fb1-4600-9690-434dc93d1108,2030,108,960,7246.64,2024-09-20 21:40:41,2024-08-09,Sample status 325
e28ddbd9-d713-4687-942d-c755709b7fd0,7980,8836,3436,6567.05,2024-04-06 21:40:41,2024-02-16,Sample status 326
138001ed-5413-47f7-8e5b-a0a71489c839,7613,1650,177,9082.5,2024-08-10 21:40:41,2024-03-10,Sample status 327
b252d520-e981-45f0-82f7-0ab88836a22f,9414,1307,9400,9932.46,2024-09-17 21:40:41,2024-01-19,Sample status 328
65da0fbc-29ab-4fcd-b4dc-a9d854e02d8d,3564,7852,7096,8035.45,2024-03-09 21:40:41,2024-04-29,Sample status 329
1ebc10d8-8c39-435f-aa1d-31f262d50989,3938,328,9490,5257.83,2024-07-23 21:40:41,2024-05-11,Sample status 330
78a14f4d-6e4c-4de9-b4bd-858f721fbfbf,5298,118,2932,3963.78,2024-08-05 21:40:41,2024-09-01,Sample status 331
3b3789b2-2312-440d-8ff9-809b28a1dbf6,8857,2137,3152,5273.98,2024-05-28 21:40:41,2024-04-16,Sample status 332
c1cee0c6-7027-4e7c-a86c-2da7ab00b9d7,5851,9717,9982,5850.11,2024-08-30 21:40:41,2024-01-05,Sample status 333
44edbd82-717f-47d8-8e73-3c9112cd7fe7,6397,7028,8473,6793.32,2024-03-03 21:40:41,2024-07-23,Sample status 334
51dbee59-c2aa-4f65-bf7e-46a47a7a84d8,9889,3771,8868,9741.43,2024-05-29 21:40:41,2024-06-06,Sample status 335
478350f7-8083-433a-b37a-0827878ae136,9873,4606,9787,4643.93,2024-07-27 21:40:41,2024-04-16,Sample status 336
09874c65-5379-4bec-a4d9-1beabb5a16f6,9092,2467,7850,2559.99,2024-01-06 21:40:41,2024-02-27,Sample status 337
8fa0a561-b5f8-4fe1-b3f6-6d4a44b39084,112,9813,7858,6422.62,2024-03-14 21:40:41,2024-02-12,Sample status 338
f102b3c1-b42d-4eb9-9cf0-fafdf448e069,1215,2353,236,6429.75,2024-04-28 21:40:41,2024-11-11,Sample status 339
d542fccd-4114-487c-ab9d-d282368b730f,1049,561,3606,4081.71,2024-09-02 21:40:41,2024-05-12,Sample status 340
ff644c2d-3195-4221-94f3-77c6c9113bd8,5750,1720,2795,4408.36,2024-03-22 21:40:41,2024-04-01,Sample status 341
7844ec84-7f02-4e62-bb40-f97bb792657b,6751,2694,4655,6381.04,2024-08-13 21:40:41,2024-02-19,Sample status 342
413fd339-50b3-4ea0-8074-328998b32ed1,2888,5481,1218,1664.44,2024-09-07 21:40:41,2024-01-22,Sample status 343
526ef23f-d3cf-4b29-b202-8f6cde7c5557,5274,7971,3570,1451.89,2024-10-13 21:40:41,2023-12-12,Sample status 344
d7f008e7-dd0a-4bad-951a-0a8e6ea785f3,7802,4853,4454,6223.99,2024-02-18 21:40:41,2024-05-04,Sample status 345
44eaf08d-994e-453d-902c-33031ff0c15a,3977,1866,9865,8361.56,2024-05-22 21:40:41,2024-03-14,Sample status 346
bf6e73e1-3f47-46f9-b717-c290341edf7b,710,6448,7576,2174.22,2024-01-31 21:40:41,2024-02-28,Sample status 347
fe7b5fe0-5830-4acf-81bd-8f9663a6460e,9354,9748,7042,6381.49,2024-01-17 21:40:41,2024-06-09,Sample status 348
586a0a54-556f-4409-8c0e-126512d07508,9032,9844,4012,7973.53,2024-01-03 21:40:41,2024-06-13,Sample status 349
248fe73d-4d55-4cc9-8ed4-0ce616c16a88,8057,9872,8451,913.64,2024-06-28 21:40:41,2024-09-26,Sample status 350
631bd827-ed70-47a3-b1f5-f9808d0fb763,1176,6542,2969,8850.8,2023-12-22 21:40:41,2024-03-09,Sample status 351
3379fe40-11d8-4698-aca1-b3280a3984a3,1646,1879,8325,5866.94,2023-11-16 21:40:41,2024-03-06,Sample status 352
529b4d29-4837-43f1-aa1d-b5fe648216a7,8143,3113,1589,1635.58,2024-06-17 21:40:41,2024-10-18,Sample status 353
8e008ebc-9641-41ea-bcd5-2afad3defcad,5830,347,5820,6932.59,2024-08-21 21:40:41,2024-11-09,Sample status 354
9721199f-b762-4e7c-9198-ca968cdad3ca,8546,701,9841,6864.38,2023-12-22 21:40:41,2024-10-30,Sample status 355
8cd6b163-0844-4ddf-b4dc-9253af903685,7071,8721,2429,3873.66,2023-12-25 21:40:41,2024-05-21,Sample status 356
5508a5c0-4bd5-4b95-b94a-83c5c6e30f58,152,1407,2623,8604.2,2024-04-07 21:40:41,2024-01-13,Sample status 357
4ac1e498-5c5b-4d0e-89ee-8000a5b2a238,8067,3433,3303,7316.91,2024-02-21 21:40:41,2024-06-05,Sample status 358
52b13b18-4139-46ba-940e-92738eb7ccc8,2378,2910,5859,7401.66,2024-04-04 21:40:41,2023-12-27,Sample status 359
8758471d-1c7d-446b-bade-eb07fa7247d3,9115,9720,6692,5862.73,2024-03-31 21:40:41,2024-06-01,Sample status 360
7ba0a356-11a8-4bce-ba89-9d494aabbfe3,4542,4659,8028,5426.86,2024-05-26 21:40:41,2024-07-15,Sample status 361
64e6253d-d3f5-4c64-9b55-19601e0a3f3c,2876,1853,492,3680.36,2024-01-18 21:40:41,2023-12-22,Sample status 362
f1b392c8-62e9-44de-99d2-2b322680bfbc,1377,7758,8242,8418.68,2024-08-15 21:40:41,2024-08-25,Sample status 363